Workbook

Sheet Notes
A1: Prénom | B1: Nom | C1: M1 ou M2 | D1: Groupe | E1: Reçu | F1: Note | G1: Comentaires
A2: Laura | B2: Carrier | C2: M2 | D2: 1a | E2: 1 | F2: ='barême'!C10 -> 13.5 | G2: ='barême'!C11 -> Bonne compréhension des enjeux et hypothèses intéressantes même si je ne comprends pas comment vous avez dessiné certaines traces fluviales dans vos hypothèses. Schéma global très pertinent. Qualité des cartes assez bonne, bien visible. La présence d'un fond vert autour, sur chaque carte alourdi la lecture. La sémilogie graphique peut être améliorée. Par contre, vos valeurs d'indices sont fausses... Les contrastes d'indices sont importants mais les valeurs d'indices aussi. Exemple NDVI =0 pour l'eau et autres.
A3: Elias | B3: Makhlouf | C3: M2 | D3: 1a | E3: 1 | F3: ='barême'!C10 -> 13.5 | G3: ='barême'!C11 -> Bonne compréhension des enjeux et hypothèses intéressantes même si je ne comprends pas comment vous avez dessiné certaines traces fluviales dans vos hypothèses. Schéma global très pertinent. Qualité des cartes assez bonne, bien visible. La présence d'un fond vert autour, sur chaque carte alourdi la lecture. La sémilogie graphique peut être améliorée. Par contre, vos valeurs d'indices sont fausses... Les contrastes d'indices sont importants mais les valeurs d'indices aussi. Exemple NDVI =0 pour l'eau et autres.
A4: Arthur | B4: Thibaudon | C4: M2 | D4: 1a | E4: 1 | F4: ='barême'!C10 -> 13.5 | G4: ='barême'!C11 -> Bonne compréhension des enjeux et hypothèses intéressantes même si je ne comprends pas comment vous avez dessiné certaines traces fluviales dans vos hypothèses. Schéma global très pertinent. Qualité des cartes assez bonne, bien visible. La présence d'un fond vert autour, sur chaque carte alourdi la lecture. La sémilogie graphique peut être améliorée. Par contre, vos valeurs d'indices sont fausses... Les contrastes d'indices sont importants mais les valeurs d'indices aussi. Exemple NDVI =0 pour l'eau et autres.
A5: Ines | B5: Peronnard | C5: M2 | D5: 1b | E5: 1 | F5: ='barême'!D10 -> 14.5 | G5: ='barême'!D11 -> Bonne compréhension des enjeux et hypothèses cohérentes. Schémas globaux très pertinents et réutilisables par la suite. Sémilogie graphique des figures n'est pas pertienente dans l'ensemble. Interprétation des indices à plus approfondire. Lire un peu la bilbiographie à ce propos et penser à faire des catégories après une analyse brute des données. Rapport agréable à lire.
A6: Charlotte | B6: Jouve | C6: M2 | D6: 1b | E6: 1 | F6: ='barême'!D10 -> 14.5 | G6: ='barême'!D11 -> Bonne compréhension des enjeux et hypothèses cohérentes. Schémas globaux très pertinents et réutilisables par la suite. Sémilogie graphique des figures n'est pas pertienente dans l'ensemble. Interprétation des indices à plus approfondire. Lire un peu la bilbiographie à ce propos et penser à faire des catégories après une analyse brute des données. Rapport agréable à lire.
A7: Roland | B7: Grandmaison | C7: M2 | D7: 1b | E7: 1 | F7: ='barême'!D10 -> 14.5 | G7: ='barême'!D11 -> Bonne compréhension des enjeux et hypothèses cohérentes. Schémas globaux très pertinents et réutilisables par la suite. Sémilogie graphique des figures n'est pas pertienente dans l'ensemble. Interprétation des indices à plus approfondire. Lire un peu la bilbiographie à ce propos et penser à faire des catégories après une analyse brute des données. Rapport agréable à lire.
A8: Angélique | B8: Petit | C8: M2 | D8: 2a | E8: 1 | F8: ='barême'!E10 -> 16 | G8: ='barême'!E11 -> Bon rapport dans l'ensemble. Il manque une comparaison entre le MNT de l'IGN et le ou les MNT (ou MNTs) créés par photogrammétrie et LiDAR. Pensez à bien ajouter toutes les légendes des figures. Il manque un tableau ou un détail de toutes les sources de données disponibles avant le terrain. Méthode dans l'ensemble bien expliquée. Conclusion un peu succincte.
A9: Kolia | B9: Nadalutti | C9: M2 | D9: 2a | E9: 1 | F9: ='barême'!E10 -> 16 | G9: ='barême'!E11 -> Bon rapport dans l'ensemble. Il manque une comparaison entre le MNT de l'IGN et le ou les MNT (ou MNTs) créés par photogrammétrie et LiDAR. Pensez à bien ajouter toutes les légendes des figures. Il manque un tableau ou un détail de toutes les sources de données disponibles avant le terrain. Méthode dans l'ensemble bien expliquée. Conclusion un peu succincte.
A10: Nicolas | B10: Herman | C10: M2 | D10: 2a | E10: 1 | F10: ='barême'!E10 -> 16 | G10: ='barême'!E11 -> Bon rapport dans l'ensemble. Il manque une comparaison entre le MNT de l'IGN et le ou les MNT (ou MNTs) créés par photogrammétrie et LiDAR. Pensez à bien ajouter toutes les légendes des figures. Il manque un tableau ou un détail de toutes les sources de données disponibles avant le terrain. Méthode dans l'ensemble bien expliquée. Conclusion un peu succincte.
A11: Jeanne | B11: Dupretz | C11: M2 | D11: 2b | E11: 1 | F11: ='barême'!F10 -> 17.5 | G11: ='barême'!F11 -> Très bon rapport et facile à lire. Malgré le manque de résultats probants des indices spectraux, la discussion est très pertinente. La zone anthropique au sud-est sera carottée prochainement.
A12: Paul | B12: Greaume | C12: M2 | D12: 2b | E12: 1 | F12: ='barême'!F10 -> 17.5 | G12: ='barême'!F11 -> Très bon rapport et facile à lire. Malgré le manque de résultats probants des indices spectraux, la discussion est très pertinente. La zone anthropique au sud-est sera carottée prochainement.
A13: Ethan | B13: Lang | C13: M2 | D13: 2b | E13: 1 | F13: ='barême'!F10 -> 17.5 | G13: ='barême'!F11 -> Très bon rapport et facile à lire. Malgré le manque de résultats probants des indices spectraux, la discussion est très pertinente. La zone anthropique au sud-est sera carottée prochainement.
A14: Silya | B14: Guerboub | C14: M2 | D14: 3a | E14: 1 | F14: ='barême'!G10 -> 17.5 | G14: ='barême'!G11 -> Très bon rapport et agréable à lire. Efficace. Rapport avec une très bonne qualité de figures et de sémiologie graphique. Analyses pertinentes. L'utilisation des pentes est bien efficace.
A15: Paul | B15: Valentin | C15: M2 | D15: 3a | E15: 1 | F15: ='barême'!G10 -> 17.5 | G15: ='barême'!G11 -> Très bon rapport et agréable à lire. Efficace. Rapport avec une très bonne qualité de figures et de sémiologie graphique. Analyses pertinentes. L'utilisation des pentes est bien efficace.
A16: Fanny | B16: Fortin | C16: M2 | D16: 3a | E16: 1 | F16: ='barême'!G10 -> 17.5 | G16: ='barême'!G11 -> Très bon rapport et agréable à lire. Efficace. Rapport avec une très bonne qualité de figures et de sémiologie graphique. Analyses pertinentes. L'utilisation des pentes est bien efficace.
A17: Lisa | B17: Ferreira | C17: M2 | D17: 3a | E17: 1 | F17: ='barême'!G10 -> 17.5 | G17: ='barême'!G11 -> Très bon rapport et agréable à lire. Efficace. Rapport avec une très bonne qualité de figures et de sémiologie graphique. Analyses pertinentes. L'utilisation des pentes est bien efficace.
A18: Tom | B18: Montagnon | C18: M2 | D18: 3b | E18: 1 | F18: ='barême'!H10 -> 17.5 | G18: ='barême'!H11 -> Explications de la sortie terrain assez claires. Methode bien expliquée. Cependant l'organisation et le nom des parties sont à revoir (difficile de vous suivre). Discussion intéressantes. Très bonne conclusion. Figures de qualités.
A19: Olivier | B19: Prima | C19: M2 | D19: 3b | E19: 1 | F19: ='barême'!H10 -> 17.5 | G19: ='barême'!H11 -> Explications de la sortie terrain assez claires. Methode bien expliquée. Cependant l'organisation et le nom des parties sont à revoir (difficile de vous suivre). Discussion intéressantes. Très bonne conclusion. Figures de qualités.
A20: Stéphanie | B20: Gabette | C20: M2 | D20: 3b | E20: 1 | F20: ='barême'!H10 -> 17.5 | G20: ='barême'!H11 -> Explications de la sortie terrain assez claires. Methode bien expliquée. Cependant l'organisation et le nom des parties sont à revoir (difficile de vous suivre). Discussion intéressantes. Très bonne conclusion. Figures de qualités.

Sheet barême
A1: Contexte de l'étude | B1: Barême | C1: 1A | D1: 1B | E1: 2A | F1: 2B | G1: 3A | H1: 3B
A2: Contexte de l'étude | B2: 1 | C2: 1 | D2: 1 | E2: 1 | F2: 1 | G2: 1 | H2: 1
A3: Difinition des objectifs | B3: 1 | C3: 1 | D3: 1 | E3: 1 | F3: 1 | G3: 1 | H3: 1
A4: Hypothèses rapport de préparation terrain | B4: 2 | C4: 1.5 | D4: 1.5 | E4: 1.5 | F4: 2 | G4: 2 | H4: 2
A5: Rappel des données disponibles | B5: 1 | C5: 1 | D5: 1 | E5: 0.5 | F5: 1 | G5: 1 | H5: 1
A6: Matériels et méthodes | B6: 5 | C6: 4 | D6: 4 | E6: 4.5 | F6: 4.5 | G6: 4.5 | H6: 4
A7: Analyses et interprétations | B7: 5 | C7: 2 | D7: 2 | E7: 3.5 | F7: 3.5 | G7: 3.5 | H7: 4
A8: Conclusion | B8: 2 | C8: 1.5 | D8: 2 | E8: 2 | F8: 2 | G8: 1.5 | H8: 2
A9: Qualités du rapport, organisation, figures et cartes | B9: 3 | C9: 1.5 | D9: 2 | E9: 2 | F9: 2.5 | G9: 3 | H9: 2.5
A10: Total | B10: =SUM(B2:B9) -> 20 | C10: =SUM(C2:C9) -> 13.5 | D10: =SUM(D2:D9) -> 14.5 | E10: =SUM(E2:E9) -> 16 | F10: =SUM(F2:F9) -> 17.5 | G10: =SUM(G2:G9) -> 17.5 | H10: =SUM(H2:H9) -> 17.5
C11: Bonne compréhension des enjeux et hypothèses intéressantes même si je ne comprends pas comment vous avez dessiné certaines traces fluviales dans vos hypothèses. Schéma global très pertinent. Qualité des cartes assez bonne, bien visible. La présence d'un fond vert autour, sur chaque carte alourdi la lecture. La sémilogie graphique peut être améliorée. Par contre, vos valeurs d'indices sont fausses... Les contrastes d'indices sont importants mais les valeurs d'indices aussi. Exemple NDVI =0 pour l'eau et autres. | D11: Bonne compréhension des enjeux et hypothèses cohérentes. Schémas globaux très pertinents et réutilisables par la suite. Sémilogie graphique des figures n'est pas pertienente dans l'ensemble. Interprétation des indices à plus approfondire. Lire un peu la bilbiographie à ce propos et penser à faire des catégories après une analyse brute des données. Rapport agréable à lire. | E11: Bon rapport dans l'ensemble. Il manque une comparaison entre le MNT de l'IGN et le ou les MNT (ou MNTs) créés par photogrammétrie et LiDAR. Pensez à bien ajouter toutes les légendes des figures. Il manque un tableau ou un détail de toutes les sources de données disponibles avant le terrain. Méthode dans l'ensemble bien expliquée. Conclusion un peu succincte. | F11: Très bon rapport et facile à lire. Malgré le manque de résultats probants des indices spectraux, la discussion est très pertinente. La zone anthropique au sud-est sera carottée prochainement. | G11: Très bon rapport et agréable à lire. Efficace. Rapport avec une très bonne qualité de figures et de sémiologie graphique. Analyses pertinentes. L'utilisation des pentes est bien efficace. | H11: Explications de la sortie terrain assez claires. Methode bien expliquée. Cependant l'organisation et le nom des parties sont à revoir (difficile de vous suivre). Discussion intéressantes. Très bonne conclusion. Figures de qualités.
